,0,1
1,data,190
2,experience,93
3,work,65
4,team,63
5,skills,40
6,news,38
7,journalism,36
8,new,31
9,science,29
10,help,27
11,communications,27
12,media,27
13,ability,26
14,newsroom,26
15,job,25
16,years,25
17,building,23
18,journalists,23
19,status,23
20,research,22
21,working,22
22,tools,22
23,least,20
24,national,20
25,strong,20
26,stories,20
27,students,20
28,use,19
29,position,19
30,writing,19
31,journal,18
32,build,17
33,story,17
34,analysis,17
35,people,16
36,knowledge,16
37,gender,16
38,age,16
39,know,16
40,best,16
41,audience,16
42,application,16
43,including,15
44,disability,15
45,information,15
46,projects,15
47,syracuse,15
48,university,15
49,internet,15
50,learning,14
51,committed,14
52,environment,14
53,content,14
54,digital,14
55,reporting,14
56,investigative,14
57,google,14
58,network,14
59,responsibilities,13
60,into,13
61,business,13
62,professional,13
63,engineering,13
64,group,13
65,company,13
66,social,13
67,youll,13
68,school,13
69,code,12
70,public,12
71,looking,12
72,develop,12
73,write,12
74,street,12
75,like,12
76,jones,12
77,online,12
78,technology,12
79,dont,12
80,software,12
81,opportunity,11
82,applicants,11
83,employment,11
84,race,11
85,color,11
86,religion,11
87,origin,11
88,veteran,11
89,zillow,11
90,press,11
91,excellent,11
92,employees,11
93,wall,11
94,responsible,11
95,highly,11
96,organization,11
97,cloudflare,11
98,analytics,11
99,around,10
100,teams,10
101,product,10
102,expertise,10
103,big,10
104,python,10
105,equal,10
106,sexual,10
107,find,10
108,journalist,10
109,multiple,10
110,degree,10
111,strategy,10
112,successful,10
113,candidate,10
114,storage,10
115,based,10
116,state,10
117,intern,10
118,learn,9
119,include,9
120,get,9
121,diverse,9
122,required,9
123,leadership,9
124,employer,9
125,identity,9
126,orientation,9
127,practices,9
128,comfortable,9
129,understanding,9
130,database,9
131,interview,9
132,make,9
133,managing,9
134,better,9
135,communication,9
136,platforms,9
137,global,9
138,ad,9
139,platform,9
140,commitment,9
141,description,8
142,engineers,8
143,machine,8
144,ibm,8
145,create,8
146,pipelines,8
147,project,8
148,member,8
149,technical,8
150,programming,8
151,creating,8
152,brand,8
153,role,8
154,country,8
155,leading,8
156,using,8
157,ap,8
158,mission,8
159,enterprise,8
160,would,8
161,includes,8
162,language,8
163,familiarity,8
164,management,8
165,creative,8
166,statistical,8
167,time,8
168,join,8
169,technologies,8
170,investigations,8
171,should,8
172,engineer,8
173,sets,8
174,narratives,8
175,love,8
176,department,8
177,newhouse,8
178,policy,8
179,distributed,8
180,systems,8
181,demonstrated,8
182,scholars,8
183,companies,7
184,lead,7
185,clients,7
186,problems,7
187,world,7
188,set,7
189,industry,7
190,statistics,7
191,techniques,7
192,qualified,7
193,relations,7
194,real,7
195,part,7
196,solid,7
197,compelling,7
198,reporters,7
199,web,7
200,benefits,7
201,provide,7
202,sex,7
203,protected,7
204,applicable,7
205,editor,7
206,manage,7
207,collaboration,7
208,essential,7
209,open,7
210,report,7
211,accommodation,7
212,fulltime,7
213,requirements,7
214,plus,7
215,development,7
216,cover,7
217,today,7
218,pay,7
219,powerful,7
220,editors,7
221,databases,7
222,just,7
223,education,7
224,letter,7
225,staff,7
226,youre,7
227,collaborate,7
228,services,7
229,textio,7
230,growing,7
231,leaders,7
232,storytelling,7
233,visual,7
234,qualifications,7
235,faculty,7
236,graduate,7
237,bdj,7
238,local,7
239,nation,7
240,center,7
241,support,7
242,operations,6
243,solving,6
244,wide,6
245,industries,6
246,client,6
247,key,6
248,models,6
249,applications,6
250,become,6
251,solutions,6
252,general,6
253,tech,6
254,r,6
255,deep,6
256,consideration,6
257,regard,6
258,citizenship,6
259,professionals,6
260,innovative,6
261,pr,6
262,maintain,6
263,relevant,6
264,tell,6
265,largest,6
266,office,6
267,individuals,6
268,testing,6
269,helping,6
270,passion,6
271,processing,6
272,source,6
273,understand,6
274,dow,6
275,process,6
276,line,6
277,marketing,6
278,variety,6
279,excel,6
280,innovation,6
281,crain,6
282,great,6
283,own,6
284,markup,6
285,want,6
286,marital,6
287,requests,6
288,languages,6
289,used,6
290,maintaining,6
291,academic,6
292,abilities,6
293,supporting,6
294,customers,6
295,foundation,6
296,community,6
297,bring,6
298,initiatives,6
299,range,6
300,organizations,6
301,associated,6
302,top,6
303,ambitious,6
304,materials,6
305,mother,6
306,design,6
307,cloud,6
308,directly,5
309,health,5
310,care,5
311,scientists,5
312,way,5
313,proud,5
314,receive,5
315,expression,5
316,fastpaced,5
317,estate,5
318,insights,5
319,drive,5
320,produce,5
321,blog,5
322,interest,5
323,quickly,5
324,most,5
325,outside,5
326,inclusive,5
327,law,5
328,there,5
329,ensure,5
330,seeks,5
331,background,5
332,reach,5
333,current,5
334,coverage,5
335,audiences,5
336,various,5
337,reasonable,5
338,completing,5
339,subject,5
340,provides,5
341,video,5
342,culture,5
343,reporter,5
344,sources,5
345,graphic,5
346,training,5
347,discriminate,5
348,against,5
349,access,5
350,city,5
351,seeking,5
352,free,5
353,might,5
354,assist,5
355,developing,5
356,sql,5
357,person,5
358,end,5
359,challenges,5
360,selfstarter,5
361,diversity,5
362,campus,5
363,international,5
364,additional,5
365,complex,5
366,undergraduate,5
367,close,5
368,partners,5
369,independent,5
370,path,5
371,secure,5
372,scale,5
373,store,5
374,largescale,5
375,forward,5
376,internship,5
377,either,5
378,developers,5
379,prior,5
380,elite,4
381,practitioners,4
382,succeed,4
383,optimization,4
384,engage,4
385,few,4
386,sometimes,4
387,communicate,4
388,points,4
389,value,4
390,require,4
391,having,4
392,computer,4
393,following,4
394,expert,4
395,applying,4
396,pipeline,4
397,together,4
398,reports,4
399,someone,4
400,sense,4
401,edit,4
402,meetings,4
403,related,4
404,issues,4
405,deadline,4
406,interpersonal,4
407,field,4
408,things,4
409,level,4
410,careers,4
411,impact,4
412,ancestry,4
413,let,4
414,demonstrate,4
415,sophisticated,4
416,core,4
417,collaborative,4
418,newsworthy,4
419,assistance,4
420,talentresourceteamdowjonescom,4
421,print,4
422,arts,4
423,outstanding,4
424,nws,4
425,contact,4
426,offerings,4
427,analytical,4
428,areas,4
429,ideal,4
430,visualizations,4
431,organizational,4
432,detail,4
433,once,4
434,deadlines,4
435,cleaning,4
436,advertisers,4
437,editorial,4
438,otherwise,4
439,legal,4
440,nonprofit,4
441,hiring,4
442,life,4
443,analyze,4
444,backgrounds,4
445,approach,4
446,dedicated,4
447,come,4
448,physical,4
449,closely,4
450,graphics,4
451,explain,4
452,findings,4
453,scraping,4
454,quality,4
455,clear,4
456,until,4
457,ask,4
458,postgresql,4
459,apply,4
460,email,4
461,willing,4
462,right,4
463,important,4
464,inform,4
465,internal,4
466,start,4
467,year,4
468,fast,4
469,partner,4
470,small,4
471,hires,4
472,recruitment,4
473,record,4
474,broadcast,4
475,networks,4
476,addition,4
477,service,4
478,full,4
479,given,4
480,magazine,4
481,alumni,4
482,washington,4
483,dc,4
484,routinely,4
485,runs,4
486,worlds,4
487,worldwide,4
488,faster,4
489,cloudflares,4
490,handles,4
491,designing,4
492,examples,4
493,special,4
494,athenian,4
495,workplace,4
496,https1111,4
497,available,4
498,ever,4
499,membership,4
500,results,4
501,ex,4
502,campaigns,4
503,firebase,4
504,internally,3
505,scientist,3
506,solve,3
507,insurance,3
508,name,3
509,teach,3
510,apis,3
511,share,3
512,visualize,3
513,effectively,3
514,11,3
515,locations,3
516,san,3
517,francisco,3
518,evaluation,3
519,java,3
520,feature,3
521,methods,3
522,model,3
523,statement,3
524,fair,3
525,enjoy,3
526,grow,3
527,efforts,3
528,website,3
529,shares,3
530,economic,3
531,journalistic,3
532,talking,3
533,housing,3
534,relationships,3
535,occasionally,3
536,interviews,3
537,opportunities,3
538,experts,3
539,35,3
540,critical,3
541,curious,3
542,natural,3
543,editing,3
544,very,3
545,portfolio,3
546,mobile,3
547,trusted,3
548,home,3
549,enable,3
550,day,3
551,accordance,3
552,planning,3
553,judgment,3
554,behavior,3
555,types,3
556,breaking,3
557,worked,3
558,connect,3
559,offering,3
560,ethics,3
561,making,3
562,providing,3
563,disabilities,3
564,category,3
565,readers,3
566,preeminent,3
567,financial,3
568,sports,3
569,pulitzer,3
570,division,3
571,individual,3
572,short,3
573,accuracy,3
574,overview,3
575,created,3
576,events,3
577,awards,3
578,next,3
579,publishing,3
580,personal,3
581,ensuring,3
582,competitive,3
583,salary,3
584,package,3
585,sharing,3
586,however,3
587,compensation,3
588,formal,3
589,goal,3
590,cost,3
591,2019,3
592,collect,3
593,see,3
594,basis,3
595,collection,3
596,large,3
597,running,3
598,run,3
599,ideas,3
600,before,3
601,phone,3
602,questions,3
603,researchers,3
604,complicated,3
605,reader,3
606,youve,3
607,driven,3
608,execute,3
609,same,3
610,only,3
611,plan,3
612,search,3
613,send,3
614,addresses,3
615,live,3
616,consider,3
617,already,3
618,documentation,3
619,production,3
620,infrastructure,3
621,future,3
622,augmented,3
623,senior,3
624,ownership,3
625,exceptional,3
626,last,3
627,word,3
628,wed,3
629,hear,3
630,anyone,3
631,keep,3
632,location,3
633,ny,3
634,hours,3
635,initiative,3
636,million,3
637,track,3
638,advanced,3
639,activity,3
640,requires,3
641,expected,3
642,activities,3
643,duties,3
644,outreach,3
645,reference,3
646,december,3
647,continue,3
648,widely,3
649,values,3
650,traditional,3
651,approximately,3
652,along,3
653,programs,3
654,businesses,3
655,hard,3
656,toughest,3
657,scaling,3
658,go,3
659,monitoring,3
660,bonus,3
661,reliability,3
662,partnership,3
663,positions,3
664,taking,3
665,parent,3
666,1111,3
667,released,3
668,deal,3
669,abide,3
670,consumers,3
671,youd,3
672,classification,3
673,federal,3
674,formats,3
675,ways,3
676,text,3
677,assigned,3
678,analysts,3
679,written,3
680,microsoft,3
681,under,3
682,external,3
683,problemsolving,3
684,preferably,3
685,scalable,3
686,entrepreneurial,3
687,relational,3
688,stores,3
689,products,3
690,splc,3
691,renaissance,2
692,embrace,2
693,fall,2
694,ibms,2
695,realworld,2
696,array,2
697,globe,2
698,ibmers,2
699,banking,2
700,manufacturing,2
701,oil,2
702,gas,2
703,automotive,2
704,case,2
705,deploy,2
706,train,2
707,discover,2
708,guide,2
709,mentor,2
710,selfsufficient,2
711,austin,2
712,rtp,2
713,nc,2
714,travel,2
715,sites,2
716,skill,2
717,base,2
718,decision,2
719,modeling,2
720,prof,2
721,scala,2
722,explaining,2
723,deploying,2
724,neural,2
725,eo,2
726,genetics,2
727,compliance,2
728,regarding,2
729,immigration,2
730,statusdesired,2
731,skilled,2
732,fun,2
733,mix,2
734,awareness,2
735,proactive,2
736,expanding,2
737,awardwinning,2
738,releases,2
739,regular,2
740,economics,2
741,spreadsheet,2
742,stream,2
743,leverage,2
744,spokespeople,2
745,specialists,2
746,strategies,2
747,accessible,2
748,strategic,2
749,storyteller,2
750,trends,2
751,communicator,2
752,style,2
753,juggle,2
754,urgent,2
755,tight,2
756,listener,2
757,relationship,2
758,bachelor,2
759,vibrant,2
760,homerelated,2
761,decisions,2
762,encourage,2
763,supported,2
764,positive,2
765,focus,2
766,superb,2
767,common,2
768,helpful,2
769,dashboards,2
770,ab,2
771,newsrooms,2
772,changes,2
773,chiefs,2
774,spread,2
775,function,2
776,tied,2
777,toplevel,2
778,lab,2
779,broader,2
780,engines,2
781,template,2
782,leader,2
783,workshop,2
784,high,2
785,standards,2
786,works,2
787,head,2
788,lija1wsj,2
789,eeoaamfdisabledvets,2
790,due,2
791,put,2
792,area,2
793,newswsj,2
794,commentary,2
795,engages,2
796,heritage,2
797,politics,2
798,lifestyle,2
799,holds,2
800,36,2
801,prizes,2
802,published,2
803,corp,2
804,nasdaq,2
805,nwsa,2
806,asx,2
807,nwslv,2
808,talent,2
809,details,2
810,expand,2
811,signature,2
812,agencies,2
813,advertising,2
814,datacenter,2
815,proprietary,2
816,original,2
817,attention,2
818,problem,2
819,master,2
820,basic,2
821,html,2
822,css,2
823,strongly,2
824,analyzing,2
825,numbers,2
826,daily,2
827,landscape,2
828,continues,2
829,creativity,2
830,here,2
831,visit,2
832,cant,2
833,else,2
834,responsibility,2
835,uncompromising,2
836,serve,2
837,gives,2
838,offers,2
839,generous,2
840,profit,2
841,established,2
842,contractor,2
843,discussed,2
844,employee,2
845,functions,2
846,disclosure,2
847,investigation,2
848,action,2
849,consistent,2
850,httpsthemarkuporg,2
851,investigate,2
852,illuminate,2
853,accountability,2
854,jobs,2
855,impacts,2
856,holding,2
857,account,2
858,begin,2
859,society,2
860,dataset,2
861,perspectives,2
862,readercentered,2
863,inventive,2
864,rigorous,2
865,courageous,2
866,wont,2
867,place,2
868,mental,2
869,foia,2
870,markups,2
871,visually,2
872,datasets,2
873,importantly,2
874,knowing,2
875,isnt,2
876,clean,2
877,tests,2
878,clearly,2
879,prose,2
880,errors,2
881,review,2
882,publication,2
883,mind,2
884,experienced,2
885,tactics,2
886,task,2
887,elasticsearch,2
888,weve,2
889,newer,2
890,single,2
891,stats,2
892,desk,2
893,bachelors,2
894,vision,2
895,candidates,2
896,resume,2
897,pursue,2
898,considered,2
899,manager,2
900,currently,2
901,states,2
902,eligible,2
903,number,2
904,transformation,2
905,resources,2
906,javascript,2
907,anything,2
908,fascinating,2
909,executive,2
910,read,2
911,longform,2
912,discipline,2
913,nerd,2
914,half,2
915,kind,2
916,customer,2
917,visualization,2
918,words,2
919,demanding,2
920,philosophy,2
921,title,2
922,assistant,2
923,professor,2
924,si,2
925,tenuretrack,2
926,hire,2
927,enhance,2
928,limited,2
929,architecture,2
930,extensive,2
931,interactives,2
932,teaching,2
933,potential,2
934,visibility,2
935,scholarship,2
936,specific,2
937,curiosity,2
938,result,2
939,cuttingedge,2
940,courses,2
941,career,2
942,curriculum,2
943,filled,2
944,levels,2
945,nexstar,2
946,screen,2
947,long,2
948,history,2
949,accomplishments,2
950,ranks,2
951,hearst,2
952,features,2
953,magazines,2
954,publications,2
955,post,2
956,times,2
957,earned,2
958,250,2
959,encompasses,2
960,latest,2
961,possible,2
962,beyond,2
963,admissions,2
964,freshmen,2
965,founded,2
966,affairs,2
967,population,2
968,cultural,2
969,options,2
970,numerous,2
971,present,2
972,skiing,2
973,places,2
974,equalopportunity,2
975,nondiscrimination,2
976,covers,2
977,veterans,2
978,gi,2
979,bill,2
980,su,2
981,program,2
982,aspects,2
983,differences,2
984,groups,2
985,preparing,2
986,principles,2
987,date,2
988,eyes,2
989,powers,2
990,trillion,2
991,month,2
992,nearly,2
993,percent,2
994,protects,2
995,accelerates,2
996,adding,2
997,hardware,2
998,installing,2
999,changing,2
1000,fortune,2
1001,500,2
1002,nonprofits,2
1003,budding,2
1004,entrepreneurs,2
1005,reliable,2
1006,operate,2
1007,shaping,2
1008,builds,2
1009,functionality,2
1010,existing,2
1011,meet,2
1012,kafka,2
1013,clickhouse,2
1014,flink,2
1015,desirable,2
1016,optimizing,2
1017,alerting,2
1018,debugging,2
1019,configuration,2
1020,docker,2
1021,salt,2
1022,makes,2
1023,soul,2
1024,fundamental,2
1025,protecting,2
1026,galileo,2
1027,httpsblogcloudflarecomprotectingfreeexpressiononline,2
1028,equip,2
1029,politically,2
1030,artistically,2
1031,defend,2
1032,themselves,2
1033,attacks,2
1034,censor,2
1035,customersat,2
1036,httpswwwcloudflarecomathenian,2
1037,governments,2
1038,highest,2
1039,protection,2
1040,constituents,2
1041,election,2
1042,voter,2
1043,registration,2
1044,httpsblogcloudflarecomtagpathforward,2
1045,since,2
1046,2016,2
1047,partnered,2
1048,16week,2
1049,midcareer,2
1050,back,2
1051,after,2
1052,off,2
1053,child,2
1054,loved,2
1055,fix,2
1056,privacycentric,2
1057,dns,2
1058,resolver,2
1059,publicly,2
1060,everyone,2
1061,consumerfocused,2
1062,heres,2
1063,ip,2
1064,never,2
1065,httpsdeveloperscloudflarecom1111commitmenttoprivacyprivacypolicyprivacypolicy,2
1066,user,2
1067,sold,2
1068,target,2
1069,sound,2
1070,something,2
1071,effectiveness,2
1072,characteristic,2
1073,12week,2
1074,apps,2
1075,familiar,2
1076,show,2
1077,proficiency,2
1078,organized,2
1079,describe,2
1080,links,2
1081,site,2
1082,policymakers,2
1083,civic,2
1084,improving,2
1085,members,2
1086,assisting,2
1087,fastmoving,2
1088,event,2
1089,cambridge,2
1090,director,2
1091,profiles,2
1092,regression,2
1093,readersupported,2
1094,setting,2
1095,documents,2
1096,calls,2
1097,predictive,2
1098,music,2
1099,producing,2
1100,concise,2
1101,concepts,2
1102,tangible,2
1103,stakeholders,2
1104,datadriven,2
1105,exciting,2
1106,take,2
1107,thinking,2
1108,oriented,2
1109,webbased,2
1110,disclaimer,2
1111,unstructured,2
1112,patterns,2
1113,passionately,2
1114,achieve,2
1115,stretch,2
1116,goals,2
1117,compute,2
1118,keyvalue,2
1119,redis,2
1120,tuning,2
1121,equivalent,2
1122,ca,2
1123,usa,2
1124,thought,2
1125,opinion,2
1126,users,2
1127,lines,2
1128,developer,2
1129,player,2
1130,mainstream,2
1131,influencers,2
1132,accept,2
1133,difference,2
1134,regardless,2
1135,resumes,2
1136,radical,2
1137,collecting,2
1138,quantitative,2
1139,tasks,2
1140,demands,2
1141,performed,2
1142,conditions,2
1143,statements,2
1144,intended,2
1145,desire,1
1146,identify,1
1147,break,1
1148,down,1
1149,discrete,1
1150,mvps,1
1151,minimal,1
1152,viable,1
1153,notebooks,1
1154,validate,1
1155,workflows,1
1156,monitor,1
1157,retrain,1
1158,repositories,1
1159,version,1
1160,codenotebooks,1
1161,output,1
1162,consumable,1
1163,lineofbusiness,1
1164,endusers,1
1165,pain,1
1166,cases,1
1167,definitions,1
1168,convey,1
1169,12,1
1170,engagements,1
1171,spend,1
1172,several,1
1173,weeks,1
1174,tshaped,1
1175,broad,1
1176,depth,1
1177,probability,1
1178,preference,1
1179,consume,1
1180,supervised,1
1181,unsupervised,1
1182,semisupervised,1
1183,ingestion,1
1184,ensemble,1
1185,predicting,1
1186,diagnosing,1
1187,fitting,1
1188,selection,1
1189,sampling,1
1190,nets,1
1191,relationsap,1
1192,styleabout,1
1193,serviceoriented,1
1194,collegial,1
1195,comprised,1
1196,pros,1
1197,reactive,1
1198,cornerstone,1
1199,specialist,1
1200,unique,1
1201,pioneered,1
1202,specialize,1
1203,surveys,1
1204,meaningful,1
1205,steady,1
1206,posts,1
1207,traveling,1
1208,economists,1
1209,amazing,1
1210,coordinators,1
1211,coach,1
1212,prepare,1
1213,angles,1
1214,thoughtleaders,1
1215,goaloriented,1
1216,thinker,1
1217,mediarelations,1
1218,writer,1
1219,fluent,1
1220,move,1
1221,priorities,1
1222,mentoring,1
1223,houses,1
1224,brands,1
1225,marketplace,1
1226,owned,1
1227,fueled,1
1228,grown,1
1229,innovators,1
1230,smarter,1
1231,employeedriven,1
1232,worldclass,1
1233,lives,1
1234,fulfilling,1
1235,millions,1
1236,fostering,1
1237,therefore,1
1238,preparations,1
1239,knowjob,1
1240,increases,1
1241,known,1
1242,employ,1
1243,overseeing,1
1244,adept,1
1245,reviewing,1
1246,recommending,1
1247,implement,1
1248,then,1
1249,bureau,1
1250,hubs,1
1251,analyst,1
1252,wsj,1
1253,computational,1
1254,recommendation,1
1255,pandas,1
1256,scikitlearn,1
1257,libraries,1
1258,tensorflow,1
1259,scikit,1
1260,spacy,1
1261,nltk,1
1262,generation,1
1263,respected,1
1264,inspires,1
1265,facilitation,1
1266,managerial,1
1267,comfort,1
1268,contingencies,1
1269,datafocused,1
1270,excitement,1
1271,needs,1
1272,expectations,1
1273,growth,1
1274,spirit,1
1275,digitalprint,1
1276,upholds,1
1277,roles,1
1278,newseditorial,1
1279,jobreq14598job,1
1280,datainformed,1
1281,deepen,1
1282,articles,1
1283,mar,1
1284,built,1
1285,researchminded,1
1286,longterm,1
1287,spreadsheets,1
1288,keen,1
1289,roi,1
1290,nontechnical,1
1291,proficient,1
1292,manipulating,1
1293,displaying,1
1294,nielsen,1
1295,comscore,1
1296,kantar,1
1297,precision,1
1298,paramount,1
1299,simply,1
1300,varied,1
1301,chart,1
1302,mustread,1
1303,influential,1
1304,makers,1
1305,disruptors,1
1306,1930,1
1307,burgeoning,1
1308,objectivity,1
1309,fairness,1
1310,powered,1
1311,focusing,1
1312,curated,1
1313,forecasting,1
1314,vital,1
1315,editions,1
1316,mustattend,1
1317,industryleading,1
1318,coveted,1
1319,alist,1
1320,conference,1
1321,httpadagecom,1
1322,httpstwittercomadage,1
1323,click,1
1324,forefront,1
1325,century,1
1326,combining,1
1327,delivers,1
1328,anywhere,1
1329,privately,1
1330,held,1
1331,elevating,1
1332,correspondent,1
1333,independence,1
1334,importance,1
1335,integrity,1
1336,strive,1
1337,meaning,1
1338,add,1
1339,context,1
1340,infuse,1
1341,initiate,1
1342,connections,1
1343,conversations,1
1344,friendly,1
1345,profitable,1
1346,craincomm,1
1347,craincareers,1
1348,mycrainview,1
1349,craincares,1
1350,follow,1
1351,facebook,1
1352,linkedin,1
1353,twitter,1
1354,instagram,1
1355,glassdoor,1
1356,employerprotected,1
1357,veteransindividuals,1
1358,discharge,1
1359,manner,1
1360,because,1
1361,inquired,1
1362,disclosed,1
1363,applicant,1
1364,disclose,1
1365,unless,1
1366,response,1
1367,complaint,1
1368,charge,1
1369,b,1
1370,furtherance,1
1371,proceeding,1
1372,hearing,1
1373,conducted,1
1374,c,1
1375,duty,1
1376,furnish,1
1377,information95000,1
1378,yearwelcome,1
1379,nonpartisan,1
1380,societal,1
1381,effects,1
1382,oversight,1
1383,affecting,1
1384,vote,1
1385,raise,1
1386,kids,1
1387,healthcare,1
1388,raising,1
1389,spurring,1
1390,reforms,1
1391,showing,1
1392,judgement,1
1393,teambased,1
1394,tolerate,1
1395,jerks,1
1396,aim,1
1397,stay,1
1398,heart,1
1399,guided,1
1400,scientific,1
1401,method,1
1402,hypotheses,1
1403,assemble,1
1404,crowdsourcing,1
1405,automated,1
1406,test,1
1407,theories,1
1408,sport,1
1409,messy,1
1410,websites,1
1411,finding,1
1412,facts,1
1413,rely,1
1414,methodologies,1
1415,main,1
1416,repeatable,1
1417,crafty,1
1418,bunch,1
1419,lookout,1
1420,gather,1
1421,accurate,1
1422,certain,1
1423,explorer,1
1424,matters,1
1425,hesitate,1
1426,pick,1
1427,academics,1
1428,generally,1
1429,clarity,1
1430,simple,1
1431,fancy,1
1432,transparent,1
1433,writes,1
1434,precise,1
1435,enough,1
1436,approachable,1
1437,takes,1
1438,custodian,1
1439,security,1
1440,twofactor,1
1441,authentication,1
1442,password,1
1443,managers,1
1444,encryption,1
1445,protect,1
1446,couple,1
1447,nodejs,1
1448,ruby,1
1449,parsing,1
1450,rust,1
1451,esoteric,1
1452,fit,1
1453,definite,1
1454,command,1
1455,grep,1
1456,away,1
1457,goes,1
1458,cell,1
1459,conversant,1
1460,limits,1
1461,hisher,1
1462,encounter,1
1463,meeting,1
1464,asking,1
1465,reading,1
1466,papers,1
1467,filing,1
1468,request,1
1469,picking,1
1470,call,1
1471,thing,1
1472,teamcentered,1
1473,salaries,1
1474,medical,1
1475,dental,1
1476,pet,1
1477,retirement,1
1478,contributions,1
1479,begins,1
1480,95000,1
1481,engaged,1
1482,dri,1
1483,consulting,1
1484,form,1
1485,below,1
1486,submit,1
1487,clips,1
1488,previous,1
1489,joined,1
1490,cv,1
1491,probably,1
1492,lost,1
1493,relocate,1
1494,relocation,1
1495,expenses,1
1496,united,1
1497,order,1
1498,establishing,1
1499,employmentdesired,1
1500,sqljournalismawspythonshell,1
1501,scriptingjavascriptjob,1
1502,audiencerelated,1
1503,force,1
1504,bolstering,1
1505,capacities,1
1506,fullstack,1
1507,acquiring,1
1508,prototypes,1
1509,staffers,1
1510,rd,1
1511,rapid,1
1512,prototyping,1
1513,ones,1
1514,processes,1
1515,suited,1
1516,talented,1
1517,workflow,1
1518,combine,1
1519,optimal,1
1520,extraction,1
1521,loading,1
1522,bash,1
1523,cloudbased,1
1524,bigquery,1
1525,aws,1
1526,dataproc,1
1527,pubsub,1
1528,jobreq14570we,1
1529,believe,1
1530,respond,1
1531,even,1
1532,publish,1
1533,categorydefining,1
1534,delighting,1
1535,seattle,1
1536,lots,1
1537,vast,1
1538,allows,1
1539,told,1
1540,got,1
1541,hundreds,1
1542,thousands,1
1543,visitors,1
1544,readership,1
1545,realize,1
1546,going,1
1547,define,1
1548,decade,1
1549,voracious,1
1550,appetite,1
1551,dataminded,1
1552,penchant,1
1553,rich,1
1554,detailed,1
1555,tackle,1
1556,copy,1
1557,mediums,1
1558,turn,1
1559,teammates,1
1560,disciplines,1
1561,cultivate,1
1562,writers,1
1563,wrote,1
1564,brandbuilding,1
1565,maximize,1
1566,influence,1
1567,emails,1
1568,land,1
1569,httpstextioai,1
1570,speaks,1
1571,linguists,1
1572,funny,1
1573,linguistics,1
1574,psychology,1
1575,math,1
1576,channels,1
1577,webinar,1
1578,mentality,1
1579,improve,1
1580,eager,1
1581,prove,1
1582,innovate,1
1583,trying,1
1584,verbally,1
1585,writingtextio,1
1586,stands,1
1587,too,1
1588,smart,1
1589,gem,1
1590,worth,1
1591,thousand,1
1592,disciplined,1
1593,concurrently,1
1594,sweat,1
1595,stuff,1
1596,seo,1
1597,point,1
1598,view,1
1599,low,1
1600,ego,1
1601,mainstay,1
1602,embraces,1
1603,serious,1
1604,represents,1
1605,httpstextiocomcareers,1
1606,usposting,1
1607,074148,1
1608,commensurate,1
1609,flsa,1
1610,exempt,1
1611,determined,1
1612,chair,1
1613,type,1
1614,rank,1
1615,unionized,1
1616,100,1
1617,investment,1
1618,advances,1
1619,enterprises,1
1620,strategically,1
1621,chosen,1
1622,fields,1
1623,elevate,1
1624,reputation,1
1625,further,1
1626,interdisciplinary,1
1627,excellence,1
1628,computing,1
1629,html5,1
1630,webinternet,1
1631,uiux,1
1632,vector,1
1633,higher,1
1634,possess,1
1635,dynamism,1
1636,everchanging,1
1637,willingness,1
1638,labs,1
1639,foster,1
1640,researching,1
1641,experimental,1
1642,upperlevel,1
1643,projectbased,1
1644,wellknown,1
1645,advising,1
1646,committee,1
1647,communityindustry,1
1648,toolsequipment,1
1649,instructions,1
1650,letterresumevitaeteaching,1
1651,statementportfolio,1
1652,urllist,1
1653,references,1
1654,address,1
1655,emailphone,1
1656,reviewed,1
1657,arrive,1
1658,received,1
1659,grounds,1
1660,heavily,1
1661,recruited,1
1662,employed,1
1663,electronic,1
1664,booths,1
1665,helps,1
1666,example,1
1667,broadcasting,1
1668,capstone,1
1669,capital,1
1670,tailored,1
1671,stations,1
1672,association,1
1673,sponsor,1
1674,biennial,1
1675,fullday,1
1676,revolve,1
1677,facilities,1
1678,art,1
1679,equipped,1
1680,touch,1
1681,boasts,1
1682,princeton,1
1683,student,1
1684,newspaper,1
1685,orange,1
1686,college,1
1687,newspapers,1
1688,earn,1
1689,collegiate,1
1690,dozen,1
1691,studentrun,1
1692,publishes,1
1693,nationally,1
1694,acclaimed,1
1695,thenewshousecom,1
1696,win,1
1697,honors,1
1698,aejmc,1
1699,spj,1
1700,ona,1
1701,outlets,1
1702,los,1
1703,angeles,1
1704,condé,1
1705,nast,1
1706,meredith,1
1707,pulitzers,1
1708,ties,1
1709,benchmark,1
1710,trips,1
1711,panel,1
1712,discussions,1
1713,speaker,1
1714,curricular,1
1715,crisis,1
1716,consortium,1
1717,israel,1
1718,south,1
1719,africa,1
1720,liberia,1
1721,ukraine,1
1722,west,1
1723,bank,1
1724,endowed,1
1725,chairs,1
1726,explanatory,1
1727,regarded,1
1728,2000,1
1729,housed,1
1730,250000squarefoot,1
1731,threebuilding,1
1732,stateoftheart,1
1733,classrooms,1
1734,300seat,1
1735,auditorium,1
1736,wing,1
1737,café,1
1738,spaces,1
1739,informal,1
1740,recent,1
1741,18,1
1742,renovation,1
1743,studio,1
1744,hightech,1
1745,entertainment,1
1746,rivals,1
1747,hollywood,1
1748,studios,1
1749,hub,1
1750,meets,1
1751,topoftheline,1
1752,space,1
1753,facility,1
1754,preparation,1
1755,tradition,1
1756,attracting,1
1757,brightest,1
1758,secured,1
1759,class,1
1760,incoming,1
1761,average,1
1762,385,1
1763,gpa,1
1764,httpnewhousesyredu,1
1765,private,1
1766,14000,1
1767,4000,1
1768,full¬time,1
1769,representing,1
1770,50,1
1771,124,1
1772,foreign,1
1773,countries,1
1774,1870,1
1775,schools,1
1776,colleges,1
1777,degrees,1
1778,sciences,1
1779,human,1
1780,professions,1
1781,studies,1
1782,performing,1
1783,mediumsized,1
1784,situated,1
1785,geographic,1
1786,miles,1
1787,northwest,1
1788,metroarea,1
1789,totals,1
1790,500000,1
1791,recreational,1
1792,parks,1
1793,museums,1
1794,festivals,1
1795,symphony,1
1796,orchestra,1
1797,regional,1
1798,theater,1
1799,malls,1
1800,movie,1
1801,theaters,1
1802,central,1
1803,seasonal,1
1804,recreation,1
1805,attractions,1
1806,ranging,1
1807,water,1
1808,snow,1
1809,hiking,1
1810,adirondacks,1
1811,touring,1
1812,historic,1
1813,wineries,1
1814,finger,1
1815,lakes,1
1816,biking,1
1817,trails,1
1818,erie,1
1819,canal,1
1820,according,1
1821,edition,1
1822,rated,1
1823,almanac,1
1824,eeoc,1
1825,affirmativeaction,1
1826,institution,1
1827,prohibits,1
1828,discrimination,1
1829,harassment,1
1830,creed,1
1831,ethnicity,1
1832,extent,1
1833,prohibited,1
1834,treatment,1
1835,transition,1
1836,ranked,1
1837,17th,1
1838,1947,1
1839,enrollment,1
1840,participating,1
1841,servicemans,1
1842,readjustment,1
1843,act,1
1844,1944,1
1845,yellow,1
1846,ribbon,1
1847,provision,1
1848,911,1
1849,tuition,1
1850,educational,1
1851,maintains,1
1852,administrators,1
1853,governance,1
1854,reflect,1
1855,multicultural,1
1856,worldview,1
1857,recognizes,1
1858,similarities,1
1859,appreciate,1
1860,inherently,1
1861,made,1
1862,different,1
1863,ethnic,1
1864,racial,1
1865,military,1
1866,religious,1
1867,beliefs,1
1868,socioeconomic,1
1869,traditions,1
1870,orientations,1
1871,identities,1
1872,commit,1
1873,ourselves,1
1874,promoting,1
1875,celebrates,1
1876,inclusivity,1
1877,posting,1
1878,10242018,1
1879,priority,1
1880,12072018,1
1881,message,1
1882,applicantsabout,1
1883,http,1
1884,split,1
1885,massively,1
1886,centers,1
1887,102,1
1888,cities,1
1889,biggest,1
1890,overcome,1
1891,delays,1
1892,partitions,1
1893,uses,1
1894,excess,1
1895,integrating,1
1896,highquality,1
1897,highperformance,1
1898,administering,1
1899,systemslevel,1
1900,rest,1
1901,cluster,1
1902,mesos,1
1903,marathon,1
1904,queries,1
1905,linuxunix,1
1906,productionizing,1
1907,released1111,1
1908,ourprivacy,1
1909,lawinternshipdesired,1
1910,journalismhtml5ap,1
1911,styledate,1
1912,oct,1
1913,25,1
1914,delivering,1
1915,unbiased,1
1916,corner,1
1917,1846,1
1918,sees,1
1919,paid,1
1920,summer,1
1921,enterprising,1
1922,developerjournalists,1
1923,datarich,1
1924,drilling,1
1925,engaging,1
1926,elections,1
1927,beat,1
1928,breakingnews,1
1929,pixels,1
1930,artists,1
1931,designers,1
1932,insight,1
1933,contributing,1
1934,intellectual,1
1935,interacting,1
1936,coworkers,1
1937,subjects,1
1938,uptodate,1
1939,region,1
1940,relevance,1
1941,interns,1
1942,governing,1
1943,earning,1
1944,juniors,1
1945,seniors,1
1946,sophomores,1
1947,proof,1
1948,authorization,1
1949,participate,1
1950,effective,1
1951,secondary,1
1952,format,1
1953,photos,1
1954,interactivegraphics,1
1955,3d,1
1956,animations,1
1957,speaking,1
1958,english,1
1959,recognize,1
1960,grammatical,1
1961,factual,1
1962,knowledgeable,1
1963,venues,1
1964,attentive,1
1965,multitask,1
1966,submission,1
1967,300word,1
1968,autobiographical,1
1969,essay,1
1970,topic,1
1971,recruit,1
1972,retain,1
1973,workforce,1
1974,embodies,1
1975,talents,1
1976,experiences,1
1977,achievements,1
1978,qualities,1
1979,projected,1
1980,graduation,1
1981,printtext,1
1982,adviser,1
1983,collegeuniversity,1
1984,letterhead,1
1985,uploaded,1
1986,simultaneously,1
1987,1159,1
1988,pm,1
1989,est,1
1990,grounded,1
1991,respect,1
1992,laws14,1
1993,hourinternshipthe,1
1994,entry,1
1995,alongside,1
1996,onestop,1
1997,resource,1
1998,connects,1
1999,america,1
2000,chapters,1
2001,volunteer,1
2002,energy,1
2003,strengthening,1
2004,democracy,1
2005,responsive,1
2006,jargonfree,1
2007,easily,1
2008,accessing,1
2009,called,1
2010,departments,1
2011,compiling,1
2012,lists,1
2013,coordinating,1
2014,logistics,1
2015,printing,1
2016,collating,1
2017,1520,1
2018,week,1
2019,hourly,1
2020,14,1
2021,hour,1
2022,immediately,1
2023,march,1
2024,dates,1
2025,negotiable,1
2026,hired,1
2027,inperson,1
2028,acquire,1
2029,necessary,1
2030,brought,1
2031,speed,1
2032,conferencing,1
2033,located,1
2034,near,1
2035,inman,1
2036,square,1
2037,1035,1
2038,ma,1
2039,02139,1
2040,ben,1
2041,miyamoto,1
2042,schedule,1
2043,relatively,1
2044,flexible,1
2045,remote,1
2046,trained,1
2047,twopage,1
2048,briefs,1
2049,spotlights,1
2050,updating,1
2051,podio,1
2052,tracking,1
2053,identified,1
2054,proofreading,1
2055,drafting,1
2056,chapter,1
2057,newsletters,1
2058,outgoing,1
2059,meticulous,1
2060,enthusiasm,1
2061,docs,1
2062,dropbox,1
2063,adapt,1
2064,selfmotivation,1
2065,attitude,1
2066,excited,1
2067,problemsolvingdo,1
2068,telling,1
2069,interested,1
2070,connecting,1
2071,hardcore,1
2072,disinformation,1
2073,corruption,1
2074,conflicts,1
2075,datascience,1
2076,intelligent,1
2077,statistically,1
2078,untrained,1
2079,quantile,1
2080,worst,1
2081,opinions,1
2082,pie,1
2083,charts,1
2084,idea,1
2085,morning,1
2086,spent,1
2087,exploring,1
2088,chance,1
2089,superpowers,1
2090,everything,1
2091,communicating,1
2092,educating,1
2093,nonnumbers,1
2094,comparable,1
2095,offices,1
2096,indepth,1
2097,shape,1
2098,minutes,1
2099,ensures,1
2100,seen,1
2101,healthy,1
2102,diversified,1
2103,keeps,1
2104,stable,1
2105,knows,1
2106,driving,1
2107,ambition,1
2108,incompatible,1
2109,sanity,1
2110,progress,1
2111,welcoming,1
2112,union,1
2113,aidshiv,1
2114,onthejob,1
2115,injuries,1
2116,laws,1
2117,résumé,1
2118,personalized,1
2119,outlining,1
2120,perfect,1
2121,vice,1
2122,versa,1
2123,jobsmotherjonescom,1
2124,pleasedesired,1
2125,analyticshtml5microsoft,1
2126,wordmicrosoft,1
2127,powerpointpythoncssuniversal,1
2128,specialistsinsight,1
2129,santa,1
2130,monica,1
2131,engagement,1
2132,presentations,1
2133,translate,1
2134,prescriptive,1
2135,pleasing,1
2136,statisticians,1
2137,skillful,1
2138,often,1
2139,easy,1
2140,articulate,1
2141,propositions,1
2142,steps,1
2143,illustrating,1
2144,coherently,1
2145,speak,1
2146,profound,1
2147,resourceful,1
2148,confident,1
2149,pressure,1
2150,paced,1
2151,growthoriented,1
2152,userbase,1
2153,aware,1
2154,departmental,1
2155,updates,1
2156,hopefully,1
2157,vigor,1
2158,highprofile,1
2159,skillsabilities,1
2160,powerpoint,1
2161,keynote,1
2162,bi,1
2163,microstrategy,1
2164,domo,1
2165,straightforward,1
2166,internationally,1
2167,adobe,1
2168,suite,1
2169,copywriter,1
2170,journalisttype,1
2171,datacentric,1
2172,welcome,1
2173,breaker,1
2174,html5css,1
2175,dynamic,1
2176,d3js,1
2177,bsba,1
2178,datavisualization,1
2179,universal,1
2180,changejob,1
2181,subjectmatter,1
2182,integrate,1
2183,efficient,1
2184,adaptable,1
2185,structured,1
2186,robust,1
2187,power,1
2188,ml,1
2189,clustering,1
2190,etc…,1
2191,continuously,1
2192,intuitive,1
2193,functional,1
2194,scripting,1
2195,object,1
2196,vague,1
2197,crystallizing,1
2198,tx,1
2199,svl,1
2200,nosql,1
2201,postgres,1
2202,db2,1
2203,cassandra,1
2204,neo4j,1
2205,file,1
2206,avro,1
2207,parquet,1
2208,mr,1
2209,spark,1
2210,beam,1
2211,streaming,1
2212,etl,1
2213,orchestration,1
2214,containerization,1
2215,instrument,1
2216,kubernetes,1
2217,ansible,1
2218,agile,1
2219,postgresqlsqlhadoopelasticsearchdata,1
2220,warehousegodnspythonccredisabout,1
2221,observability,1
2222,resilience,1
2223,component,1
2224,primarily,1
2225,quicksilver,1
2226,filesystem,1
2227,establish,1
2228,encompass,1
2229,lifecycle,1
2230,provisioning,1
2231,sre,1
2232,highlyautomated,1
2233,extremely,1
2234,resilient,1
2235,scales,1
2236,programmer,1
2237,operational,1
2238,direct,1
2239,shipping,1
2240,operatingadministering,1
2241,system,1
2242,motivated,1
2243,multitenant,1
2244,capacity,1
2245,failover,1
2246,faulttolerance,1
2247,disaster,1
2248,recovery,1
2249,ceph,1
2250,hdfs,1
2251,cc,1
2252,bsms,1
2253,prometheus,1
2254,grafana,1
2255,kibana,1
2256,cockroachdb,1
2257,nonrelational,1
2258,timeseries,1
2259,opentsdb,1
2260,columnar,1
2261,warehousing,1
2262,privacy,1
2263,lawnote,1
2264,automatically,1
2265,submitted,1
2266,sunnyvale,1
2267,crossfunctional,1
2268,devise,1
2269,facetoface,1
2270,executives,1
2271,formers,1
2272,counter,1
2273,misinformation,1
2274,highlight,1
2275,advantages,1
2276,capture,1
2277,lets,1
2278,advisor,1
2279,educate,1
2280,leadersand,1
2281,employeesabout,1
2282,googles,1
2283,distinctive,1
2284,culturevalues,1
2285,quickwitted,1
2286,intellectually,1
2287,try,1
2288,happen,1
2289,enthusiastic,1
2290,crossfunctionally,1
2291,comms,1
2292,distill,1
2293,coherent,1
2294,easytounderstand,1
2295,highlighting,1
2296,ecosystem,1
2297,whats,1
2298,demos,1
2299,reviews,1
2300,infographics,1
2301,productive,1
2302,measure,1
2303,minimum,1
2304,babs,1
2305,practical,1
2306,guidance,1
2307,devising,1
2308,infrastructureasaservice,1
2309,platformasaservice,1
2310,softwareasaservice,1
2311,iaas,1
2312,paas,1
2313,saas,1
2314,productivity,1
2315,impactful,1
2316,narrative,1
2317,verbal,1
2318,celebrate,1
2319,thrive,1
2320,benefit,1
2321,affirmative,1
2322,criminal,1
2323,histories,1
2324,does,1
2325,agency,1
2326,alias,1
2327,fees,1
2328,unsolicited,1
2329,resumessummary,1
2330,primary,1
2331,analyses,1
2332,interpret,1
2333,conduct,1
2334,ontheground,1
2335,fellow,1
2336,brainstorming,1
2337,acquisition,1
2338,integritychecking,1
2339,bulletproof,1
2340,spotcheck,1
2341,foiaing,1
2342,policies,1
2343,utilize,1
2344,computerassisted,1
2345,exclusive,1
2346,compile,1
2347,facilitate,1
2348,ease,1
2349,fact,1
2350,checking,1
2351,57,1
2352,datascientific,1
2353,academia,1
2354,cleanly,1
2355,mongodb,1
2356,server,1
2357,pythonpandas,1
2358,trust,1
2359,credibility,1
2360,proven,1
2361,constructive,1
2362,feedback,1
2363,autonomously,1
2364,competing,1
2365,considerations,1
2366,strenuous,1
2367,dangerous,1
2368,herein,1
2369,nature,1
2370,construed,1
2371,exhaustive,1
2372,list,1
2373,southern,1
2374,poverty,1
2375,perspective,1
2376,voices,1
2377,equally,1
2378,political,1
2379,affiliation,1
2380,arrest,1
2381,conviction,1
